slug,name,country,region,timezone,lat,lng,population
shanghai,Shanghai,CN,,Asia/Shanghai,31.22,121.46,24874500
beijing,Beijing,CN,,Asia/Shanghai,39.91,116.4,18960744
shenzhen,Shenzhen,CN,,Asia/Shanghai,22.55,114.07,17494398
guangzhou,Guangzhou,CN,,Asia/Shanghai,23.12,113.25,16096724
kinshasa,Kinshasa,CD,,Africa/Kinshasa,-4.33,15.31,16000000
istanbul,Istanbul,TR,,Europe/Istanbul,41.01,28.95,15701602
lagos,Lagos,NG,,Africa/Lagos,6.45,3.39,15388000
hochiminhcity,Ho Chi Minh City,VN,,Asia/Ho_Chi_Minh,10.82,106.63,14002598
chengdu,Chengdu,CN,,Asia/Shanghai,30.67,104.07,13568357
lahore,Lahore,PK,,Asia/Karachi,31.56,74.35,13004135
mumbai,Mumbai,IN,,Asia/Kolkata,19.07,72.88,12691836
saopaulo,São Paulo,BR,,America/Sao_Paulo,-23.55,-46.64,12400232
mexicocity,Mexico City,MX,,America/Mexico_City,19.43,-99.13,12294193
karachi,Karachi,PK,,Asia/Karachi,24.86,67.01,11624219
tianjin,Tianjin,CN,,Asia/Shanghai,39.14,117.18,11090314
delhi,Delhi,IN,,Asia/Kolkata,28.65,77.23,11034555
wuhan,Wuhan,CN,,Asia/Shanghai,30.58,114.27,10392693
moscow,Moscow,RU,,Europe/Moscow,55.75,37.62,10381222
dhaka,Dhaka,BD,,Asia/Dhaka,23.71,90.41,10356500
seoul,Seoul,KR,,Asia/Seoul,37.57,126.98,10349312
tokyo,Tokyo,JP,,Asia/Tokyo,35.69,139.69,9733276
dongguan,Dongguan,CN,,Asia/Shanghai,23.02,113.75,9644871
cairo,Cairo,EG,,Africa/Cairo,30.06,31.25,9606916
xian,Xi’an,CN,,Asia/Shanghai,34.26,108.93,9600000
johannesburg,Johannesburg,ZA,,Africa/Johannesburg,-26.2,28.04,9418183
nanjing,Nanjing,CN,,Asia/Shanghai,32.06,118.78,9314685
hangzhou,Hangzhou,CN,,Asia/Shanghai,30.29,120.16,9236032
foshan,Foshan,CN,,Asia/Shanghai,23.03,113.13,9042509
london,London,GB,,Europe/London,51.51,-0.13,8961989
newyorkcity,New York City,US,,America/New_York,40.71,-74.01,8804190
jakarta,Jakarta,ID,,Asia/Jakarta,-6.21,106.85,8540121
bengaluru,Bengaluru,IN,,Asia/Kolkata,12.97,77.59,8495492
hanoi,Hanoi,VN,,Asia/Bangkok,21.02,105.84,8053663
taipei,Taipei,TW,,Asia/Taipei,25.05,121.53,7871900
lima,Lima,PE,,America/Lima,-12.04,-77.03,7737002
bogota,Bogotá,CO,,America/Bogota,4.61,-74.08,7674366
chongqing,Chongqing,CN,,Asia/Shanghai,29.56,106.56,7457599
hongkong,Hong Kong,HK,,Asia/Hong_Kong,22.28,114.17,7396076
baghdad,Baghdad,IQ,,Asia/Baghdad,33.34,44.4,7216000
wuzhong,Wuzhong,CN,,Asia/Shanghai,37.99,106.2,7202654
qingdao,Qingdao,CN,,Asia/Shanghai,36.06,120.38,7172451
tehran,Tehran,IR,,Asia/Tehran,35.69,51.42,7153309
shenyang,Shenyang,CN,,Asia/Shanghai,41.79,123.43,7050000
hyderabad,Hyderabad,IN,,Asia/Kolkata,17.38,78.46,6993262
riodejaneiro,Rio de Janeiro,BR,,America/Sao_Paulo,-22.91,-43.18,6747815
suzhou,Suzhou,CN,04,Asia/Shanghai,31.3,120.6,6715559
ahmedabad,Ahmedabad,IN,,Asia/Kolkata,23.03,72.59,6357693
abidjan,Abidjan,CI,,Africa/Abidjan,5.35,-4,6321017
pudong,Pudong,CN,,Asia/Shanghai,31.24,121.5,5681512
singapore,Singapore,SG,,Asia/Singapore,1.29,103.85,5638700
sydney,Sydney,AU,,Australia/Sydney,-33.87,151.21,5557233
daressalaam,Dar es Salaam,TZ,,Africa/Dar_es_Salaam,-6.82,39.27,5383728
saintpetersburg,Saint Petersburg,RU,,Europe/Moscow,59.94,30.31,5351935
melbourne,Melbourne,AU,,Australia/Melbourne,-37.81,144.96,5350705
alexandria,Alexandria,EG,,Africa/Cairo,31.2,29.92,5263542
harbin,Harbin,CN,,Asia/Shanghai,45.75,126.65,5242897
bangkok,Bangkok,TH,,Asia/Bangkok,13.75,100.5,5104476
hefei,Hefei,CN,,Asia/Shanghai,31.86,117.28,5050000
dalian,Dalian,CN,,Asia/Shanghai,38.91,121.6,4913879
kano,Kano,NG,,Africa/Lagos,12,8.52,4910000
santiago,Santiago,CL,,America/Santiago,-33.46,-70.65,4837295
capetown,Cape Town,ZA,,Africa/Johannesburg,-33.93,18.42,4772846
peshawar,Peshawar,PK,,Asia/Karachi,34.01,71.58,4758762
changchun,Changchun,CN,,Asia/Shanghai,43.88,125.32,4714996
jeddah,Jeddah,SA,,Asia/Riyadh,21.49,39.19,4697000
chennai,Chennai,IN,,Asia/Kolkata,13.09,80.28,4681087
kolkata,Kolkata,IN,,Asia/Kolkata,22.56,88.36,4631392
xiamen,Xiamen,CN,,Asia/Shanghai,24.48,118.08,4617251
surat,Surat,IN,,Asia/Kolkata,21.2,72.83,4591246
yangon,Yangon,MM,,Asia/Yangon,16.81,96.16,4477638
baoan,Bao'an,CN,,Asia/Shanghai,22.55,113.88,4476554
kabul,Kabul,AF,,Asia/Kabul,34.53,69.17,4434550
nairobi,Nairobi,KE,,Africa/Nairobi,-1.28,36.82,4397073
wuxi,Wuxi,CN,,Asia/Shanghai,31.57,120.29,4396835
giza,Giza,EG,,Africa/Cairo,30.01,31.21,4367343
jinan,Jinan,CN,,Asia/Shanghai,36.67,117,4335989
taiyuan,Taiyuan,CN,,Asia/Shanghai,37.87,112.56,4303673
zhengzhou,Zhengzhou,CN,,Asia/Shanghai,34.76,113.65,4253913
bamako,Bamako,ML,,Africa/Bamako,12.61,-7.98,4227569
riyadh,Riyadh,SA,,Asia/Riyadh,24.69,46.72,4205961
newtaipeicity,New Taipei City,TW,,Asia/Taipei,25.06,121.46,4004367
newterritories,New Territories,HK,,Asia/Hong_Kong,22.42,114.11,3984077
shijiazhuang,Shijiazhuang,CN,,Asia/Shanghai,38.04,114.48,3938513
chattogram,Chattogram,BD,,Asia/Dhaka,22.34,91.83,3920222
addisababa,Addis Ababa,ET,,Africa/Addis_Ababa,9.02,38.75,3860000
kunming,Kunming,CN,,Asia/Shanghai,25.04,102.72,3855346
zhongshan,Zhongshan,CN,,Asia/Shanghai,22.52,113.38,3841873
nanning,Nanning,CN,,Asia/Shanghai,22.82,108.32,3839800
shantou,Shantou,CN,,Asia/Shanghai,23.35,116.68,3838900
losangeles,Los Angeles,US,,America/Los_Angeles,34.05,-118.24,3820914
faisalabad,Faisalabad,PK,,Asia/Karachi,31.42,73.09,3800193
dubai,Dubai,AE,,Asia/Dubai,25.08,55.31,3790000
yokohama,Yokohama,JP,,Asia/Tokyo,35.43,139.65,3777491
fuzhou,Fuzhou,CN,07,Asia/Shanghai,26.06,119.31,3740000
ningbo,Ningbo,CN,,Asia/Shanghai,29.88,121.55,3731203
casablanca,Casablanca,MA,,Africa/Casablanca,33.59,-7.61,3665954
ibadan,Ibadan,NG,,Africa/Lagos,7.38,3.91,3649000
puyang,Puyang,CN,02,Asia/Shanghai,29.46,119.89,3590000
ankara,Ankara,TR,,Europe/Istanbul,39.92,32.85,3517182
shiyan,Shiyan,CN,,Asia/Shanghai,32.65,110.78,3460000
berlin,Berlin,DE,,Europe/Berlin,52.52,13.41,3426354
tangshan,Tangshan,CN,,Asia/Shanghai,39.64,118.18,3372102
rawalpindi,Rawalpindi,PK,,Asia/Karachi,33.6,73.05,3357612
lueliang,Lüliang,CN,,Asia/Shanghai,37.52,111.14,3346500
durban,Durban,ZA,,Africa/Johannesburg,-29.86,31.03,3338026
changzhou,Changzhou,CN,,Asia/Shanghai,31.77,119.95,3290918
busan,Busan,KR,,Asia/Seoul,35.1,129.03,3285147
madrid,Madrid,ES,,Europe/Madrid,40.42,-3.7,3255944
pyongyang,Pyongyang,KP,,Asia/Pyongyang,39.03,125.75,3222000
zibo,Zibo,CN,,Asia/Shanghai,36.79,118.06,3129228
pune,Pune,IN,,Asia/Kolkata,18.52,73.86,3124458
bursa,Bursa,TR,,Europe/Istanbul,40.2,29.06,3101833
changsha,Changsha,CN,11,Asia/Shanghai,28.2,112.97,3093980
quezoncity,Quezon City,PH,,Asia/Manila,14.65,121.05,3084270
jaipur,Jaipur,IN,,Asia/Kolkata,26.92,75.79,3046163
guiyang,Guiyang,CN,,Asia/Shanghai,26.58,106.72,3037159
ueruemqi,Ürümqi,CN,,Asia/Urumqi,43.8,87.6,3029372
surabaya,Surabaya,ID,,Asia/Jakarta,-7.25,112.75,3018022
incheon,Incheon,KR,,Asia/Seoul,37.46,126.71,3015482
lanzhou,Lanzhou,CN,,Asia/Shanghai,36.06,103.84,3000000
caracas,Caracas,VE,,America/Caracas,10.49,-66.88,3000000
kyiv,Kyiv,UA,,Europe/Kyiv,50.45,30.52,2952301
izmir,İzmir,TR,,Europe/Istanbul,38.41,27.14,2938292
huizhou,Huizhou,CN,,Asia/Shanghai,23.11,114.42,2900113
buenosaires,Buenos Aires,AR,,America/Argentina/Buenos_Aires,-34.61,-58.38,2891082
haikou,Haikou,CN,31,Asia/Shanghai,20.03,110.35,2873358
taichung,Taichung,TW,,Asia/Taipei,24.15,120.68,2850285
kanpur,Kanpur,IN,,Asia/Kolkata,26.47,80.35,2823249
toronto,Toronto,CA,,America/Toronto,43.71,-79.4,2794356
quito,Quito,EC,,America/Guayaquil,-0.23,-78.52,2781641
brisbane,Brisbane,AU,,Australia/Brisbane,-27.47,153.03,2780063
luanda,Luanda,AO,,Africa/Luanda,-8.84,13.23,2776168
osaka,Osaka,JP,,Asia/Tokyo,34.69,135.5,2753862
linyi,Linyi,CN,,Asia/Shanghai,35.06,118.34,2743843
baoding,Baoding,CN,,Asia/Shanghai,38.87,115.46,2739887
kaohsiung,Kaohsiung,TW,,Asia/Taipei,22.62,120.31,2737660
brooklyn,Brooklyn,US,,America/New_York,40.65,-73.95,2736074
guayaquil,Guayaquil,EC,,America/Guayaquil,-2.2,-79.89,2723665
belohorizonte,Belo Horizonte,BR,,America/Sao_Paulo,-19.92,-43.94,2721564
minhang,Minhang,CN,,Asia/Shanghai,31.11,121.37,2716600
bazhong,Bazhong,CN,,Asia/Shanghai,31.87,106.74,2712894
salvador,Salvador,BR,,America/Bahia,-12.98,-38.49,2711840
abuja,Abuja,NG,,Africa/Lagos,9.06,7.5,2690000
gazipur,Gazipur,BD,,Asia/Dhaka,24,90.42,2674697
chicago,Chicago,US,,America/Chicago,41.85,-87.65,2664452
wenzhou,Wenzhou,CN,,Asia/Shanghai,28,120.67,2650000
dakar,Dakar,SN,,Africa/Dakar,14.69,-17.44,2646503
haiphong,Haiphong,VN,,Asia/Bangkok,20.86,106.68,2625200
yunfu,Yunfu,CN,,Asia/Shanghai,22.93,112.04,2612800
navimumbai,Navi Mumbai,IN,,Asia/Kolkata,19.04,73.02,2600000
mogadishu,Mogadishu,SO,,Africa/Mogadishu,2.04,45.34,2587183
bekasi,Bekasi,ID,,Asia/Jakarta,-6.23,106.99,2564940
kumasi,Kumasi,GH,,Africa/Accra,6.69,-1.62,2544530
bandung,Bandung,ID,,Asia/Jakarta,-6.92,107.61,2528163
gujranwala,Gujranwala,PK,,Asia/Karachi,32.16,74.19,2511118
huaian,Huai'an,CN,,Asia/Shanghai,33.59,119.02,2494013
medan,Medan,ID,,Asia/Jakarta,3.58,98.67,2486283
lucknow,Lucknow,IN,,Asia/Kolkata,26.84,80.92,2472011
ouagadougou,Ouagadougou,BF,,Africa/Ouagadougou,12.37,-1.53,2415266
nagpur,Nagpur,IN,,Asia/Kolkata,21.15,79.08,2405665
fortaleza,Fortaleza,BR,,America/Fortaleza,-3.72,-38.54,2400000
cali,Cali,CO,,America/Bogota,3.43,-76.52,2392877
daegu,Daegu,KR,,Asia/Seoul,35.87,128.59,2365523
algiers,Algiers,DZ,,Africa/Algiers,36.73,3.09,2364230
nanchang,Nanchang,CN,,Asia/Shanghai,28.68,115.85,2357839
baku,Baku,AZ,,Asia/Baku,40.38,49.89,2351300
hohhot,Hohhot,CN,,Asia/Shanghai,40.81,111.65,2350000
nagoya,Nagoya,JP,,Asia/Tokyo,35.18,136.91,2332176
rome,Rome,IT,,Europe/Rome,41.89,12.51,2318895
queens,Queens,US,,America/New_York,40.68,-73.84,2316841
houston,Houston,US,,America/Chicago,29.76,-95.36,2314157
perth,Perth,AU,,Australia/Perth,-31.95,115.86,2309338
mashhad,Mashhad,IR,,Asia/Tehran,36.3,59.61,2307177
shaoxing,Shaoxing,CN,,Asia/Shanghai,30,120.58,2300000
nantong,Nantong,CN,,Asia/Shanghai,32.03,120.87,2273326
baoshan,Baoshan,CN,23,Asia/Shanghai,31.41,121.49,2265900
kowloon,Kowloon,HK,,Asia/Hong_Kong,22.32,114.18,2232339
yantai,Yantai,CN,,Asia/Shanghai,37.48,121.44,2227733
gaziantep,Gaziantep,TR,,Europe/Istanbul,37.06,37.38,2222415
lubumbashi,Lubumbashi,CD,,Africa/Lubumbashi,-11.66,27.48,2221925
manaus,Manaus,BR,,America/Manaus,-3.1,-60.02,2219580
lusaka,Lusaka,ZM,,Africa/Lusaka,-15.41,28.29,2212301
brasilia,Brasília,BR,,America/Sao_Paulo,-15.78,-47.93,2207718
zhuhai,Zhuhai,CN,,Asia/Shanghai,22.28,113.57,2207090
santodomingo,Santo Domingo,DO,,America/Santo_Domingo,18.47,-69.89,2201941
lome,Lomé,TG,,Africa/Lome,6.13,1.22,2188376
multan,Multan,PK,,Asia/Karachi,30.2,71.48,2169915
havana,Havana,CU,,America/Havana,23.13,-82.38,2163824
baotou,Baotou,CN,,Asia/Shanghai,40.65,109.84,2150000
depok,Depok,ID,30,Asia/Jakarta,-6.4,106.82,2145400
paris,Paris,FR,,Europe/Paris,48.85,2.35,2138551
coimbatore,Coimbatore,IN,,Asia/Kolkata,11.01,76.97,2136916
qingyang,Qingyang,CN,,Asia/Shanghai,35.71,107.64,2125400
portharcourt,Port Harcourt,NG,,Africa/Lagos,4.78,7.01,2120000
pretoria,Pretoria,ZA,,Africa/Johannesburg,-25.74,28.19,2112693
cordoba,Córdoba,AR,,America/Argentina/Cordoba,-31.41,-64.19,2106734
mbujimayi,Mbuji-Mayi,CD,,Africa/Lubumbashi,-6.14,23.59,2101332
aleppo,Aleppo,SY,,Asia/Damascus,36.2,37.16,2098210
kunshan,Kunshan,CN,,Asia/Shanghai,31.38,120.95,2092496
almawsilaljadidah,Al Mawşil al Jadīdah,IQ,,Asia/Baghdad,36.33,43.11,2065597
weifang,Weifang,CN,,Asia/Shanghai,36.71,119.1,2044028
zunyi,Zunyi,CN,,Asia/Shanghai,27.69,106.91,2037775
albasrahalqadimah,Al Başrah al Qadīmah,IQ,,Asia/Baghdad,30.5,47.82,2015483
lapaz,La Paz,BO,,America/La_Paz,-16.5,-68.15,2004652
lianyungang,Lianyungang,CN,,Asia/Shanghai,34.6,119.22,2001009
medellin,Medellín,CO,,America/Bogota,6.25,-75.57,1999979
indore,Indore,IN,,Asia/Kolkata,22.72,75.83,1994397
brazzaville,Brazzaville,CG,,Africa/Brazzaville,-4.27,15.28,1982000
tashkent,Tashkent,UZ,,Asia/Tashkent,41.26,69.22,1978028
ganzhou,Ganzhou,CN,,Asia/Shanghai,25.85,114.93,1977253
almaty,Almaty,KZ,,Asia/Almaty,43.25,76.91,1977011
khartoum,Khartoum,SD,,Africa/Khartoum,15.55,32.53,1974647
hamburg,Hamburg,DE,,Europe/Berlin,53.55,9.99,1973896
sapporo,Sapporo,JP,,Asia/Tokyo,43.07,141.35,1973832
songjiang,Songjiang,CN,,Asia/Shanghai,31.03,121.22,1973500
accra,Accra,GH,,Africa/Accra,5.56,-0.2,1963264
curitiba,Curitiba,BR,,America/Sao_Paulo,-25.43,-49.27,1948626
ordos,Ordos,CN,,Asia/Shanghai,39.61,109.78,1940653
sanaa,Sanaa,YE,,Asia/Aden,15.35,44.21,1937451
conakry,Conakry,GN,,Africa/Conakry,9.54,-13.68,1928389
tijuana,Tijuana,MX,,America/Tijuana,32.5,-117,1922523
hyderabad_pk,Hyderabad,PK,,Asia/Karachi,25.4,68.38,1921275
beirut,Beirut,LB,,Asia/Beirut,33.89,35.5,1916100
tangerang,Tangerang,ID,,Asia/Jakarta,-6.18,106.63,1912679
jieyang,Jieyang,CN,,Asia/Shanghai,23.54,116.37,1899394
jilin,Jilin,CN,,Asia/Shanghai,43.85,126.56,1895865
jiading,Jiading,CN,,Asia/Shanghai,31.39,121.24,1886100
bucharest,Bucharest,RO,,Europe/Bucharest,44.43,26.11,1877155
camayenne,Camayenne,GN,,Africa/Conakry,9.54,-13.69,1871242
kakamega,Kakamega,KE,,Africa/Nairobi,0.28,34.75,1867579
shangqiu,Shangqiu,CN,,Asia/Shanghai,34.41,115.66,1859723
nanchong,Nanchong,CN,,Asia/Shanghai,30.8,106.08,1858875
tainan,Tainan,TW,,Asia/Taipei,22.99,120.21,1856642
datong,Datong,CN,,Asia/Shanghai,40.09,113.29,1850000
kaduna,Kaduna,NG,,Africa/Lagos,10.53,7.44,1850000
omdurman,Omdurman,SD,,Africa/Khartoum,15.64,32.48,1849659
davao,Davao,PH,,Asia/Manila,7.07,125.61,1848947
thane,Thāne,IN,,Asia/Kolkata,19.2,72.96,1841488
iztapalapa,Iztapalapa,MX,,America/Mexico_City,19.36,-99.06,1835486
diyarbakir,Diyarbakır,TR,,Europe/Istanbul,37.91,40.22,1833684
santacruzdelasierra,Santa Cruz de la Sierra,BO,,America/La_Paz,-17.79,-63.18,1831434
vadodara,Vadodara,IN,,Asia/Kolkata,22.3,73.21,1822221
adana,Adana,TR,,Europe/Istanbul,36.99,35.33,1816750
nanyang,Nanyang,CN,,Asia/Shanghai,33.01,112.55,1811812
abudhabi,Abu Dhabi,AE,,Asia/Dubai,24.45,54.4,1807000
palembang,Palembang,ID,,Asia/Jakarta,-2.92,104.75,1801367
sharjah,Sharjah,AE,,Asia/Dubai,25.33,55.41,1800000
bhopal,Bhopal,IN,,Asia/Kolkata,23.25,77.4,1798218
jiangmen,Jiangmen,CN,,Asia/Shanghai,22.58,113.08,1795459
benincity,Benin City,NG,,Africa/Lagos,6.34,5.63,1782000
jiangyin,Jiangyin,CN,,Asia/Shanghai,31.91,120.26,1779515
fuyang,Fuyang,CN,,Asia/Shanghai,32.9,115.82,1768947
montreal,Montréal,CA,,America/Toronto,45.51,-73.59,1762949
bayannur,Bayan Nur,CN,,Asia/Shanghai,40.74,107.39,1760000
maracaibo,Maracaibo,VE,,America/Caracas,10.64,-71.61,1752602
chaozhou,Chaozhou,CN,,Asia/Shanghai,23.65,116.62,1750945
minsk,Minsk,BY,,Europe/Minsk,53.9,27.57,1742124
budapest,Budapest,HU,,Europe/Budapest,47.5,19.04,1741041
qingyuan,Qingyuan,CN,,Asia/Shanghai,23.7,113.03,1738424
taian,Tai’an,CN,,Asia/Shanghai,36.19,117.12,1735425
rasapudipalem,Rasapūdipalem,IN,,Asia/Kolkata,17.73,83.32,1728128
pimprichinchwad,Pimpri-Chinchwad,IN,,Asia/Kolkata,18.62,73.8,1727692
caloocan,Caloocan,PH,,Asia/Manila,14.65,120.97,1712945
warsaw,Warsaw,PL,,Europe/Warsaw,52.23,21.01,1702139
soweto,Soweto,ZA,,Africa/Johannesburg,-26.27,27.86,1695047
semarang,Semarang,ID,,Asia/Jakarta,-6.99,110.42,1694740
puebla,Puebla,MX,,America/Mexico_City,19.05,-98.21,1692181
vienna,Vienna,AT,,Europe/Vienna,48.21,16.37,1691468
barcelona,Barcelona,ES,,Europe/Madrid,41.39,2.16,1686208
patna,Patna,IN,,Asia/Kolkata,25.59,85.14,1684297
mosul,Mosul,IQ,,Asia/Baghdad,36.34,43.12,1683000
kallakurichi,Kallakurichi,IN,,Asia/Kolkata,11.73,78.96,1682687
kampala,Kampala,UG,,Africa/Kampala,0.32,32.58,1680600
xining,Xining,CN,,Asia/Shanghai,36.63,101.76,1677177
changshu,Changshu,CN,,Asia/Shanghai,31.65,120.74,1677050
huainan,Huainan,CN,,Asia/Shanghai,32.63,117,1666826
rabat,Rabat,MA,,Africa/Casablanca,34.01,-6.83,1655753
recife,Recife,BR,,America/Recife,-8.05,-34.88,1653461
phoenix,Phoenix,US,,America/Phoenix,33.45,-112.07,1650070
suzhou_cn_01,Suzhou,CN,01,Asia/Shanghai,33.64,116.98,1647642
ecatepecdemorelos,Ecatepec de Morelos,MX,,America/Mexico_City,19.6,-99.06,1645352
luan,Lu’an,CN,,Asia/Shanghai,31.74,116.52,1644344
valencia,Valencia,VE,,America/Caracas,10.16,-68,1619470
ludhiana,Ludhiana,IN,,Asia/Kolkata,30.91,75.85,1618879
yancheng,Yancheng,CN,,Asia/Shanghai,33.36,120.16,1615717
novosibirsk,Novosibirsk,RU,,Asia/Novosibirsk,55.02,82.93,1612833
erbil,Erbil,IQ,,Asia/Baghdad,36.19,44.01,1612700
fukuoka,Fukuoka,JP,,Asia/Tokyo,33.6,130.42,1612392
taizhou,Taizhou,CN,04,Asia/Shanghai,32.49,119.91,1607108
daqing,Daqing,CN,,Asia/Shanghai,46.58,125,1604027
manila,Manila,PH,,Asia/Manila,14.6,120.98,1600000
wuhu,Wuhu,CN,,Asia/Shanghai,31.35,118.43,1598165
santiagodequeretaro,Santiago de Querétaro,MX,,America/Mexico_City,20.59,-100.39,1594212
dazhou,Dazhou,CN,,Asia/Shanghai,31.21,107.46,1589435
yangzhou,Yangzhou,CN,,Asia/Shanghai,32.4,119.44,1584237
leondelosaldama,León de los Aldama,MX,,America/Mexico_City,21.12,-101.68,1579803
makkah,Makkah,SA,,Asia/Riyadh,21.43,39.83,1578722
philadelphia,Philadelphia,US,,America/New_York,39.95,-75.16,1573916
phnompenh,Phnom Penh,KH,,Asia/Phnom_Penh,11.56,104.92,1573544
guilin,Guilin,CN,,Asia/Shanghai,25.28,110.3,1572300
damascus,Damascus,SY,,Asia/Damascus,33.51,36.29,1569394
quetta,Quetta,PK,,Asia/Karachi,30.18,67,1565546
zhaoqing,Zhaoqing,CN,,Asia/Shanghai,23.05,112.46,1553109
onitsha,Onitsha,NG,,Africa/Lagos,6.15,6.79,1553000
mianyang,Mianyang,CN,,Asia/Shanghai,31.47,104.68,1550000
auckland,Auckland,NZ,,Pacific/Auckland,-36.85,174.76,1547200
isfahan,Isfahan,IR,,Asia/Tehran,32.65,51.67,1547164
wanzhou,Wanzhou,CN,,Asia/Shanghai,30.76,108.4,1545900
harare,Harare,ZW,,Africa/Harare,-17.83,31.05,1542813
monrovia,Monrovia,LR,,Africa/Monrovia,6.3,-10.8,1542549
putian,Putian,CN,,Asia/Shanghai,25.44,119.01,1539389
kawasaki,Kawasaki,JP,,Asia/Tokyo,35.52,139.72,1538262
goiania,Goiânia,BR,,America/Sao_Paulo,-16.68,-49.25,1536097
sanantonio,San Antonio,US,,America/Chicago,29.42,-98.49,1526656
kobe,Kobe,JP,,Asia/Tokyo,34.69,135.18,1525152
stockholm,Stockholm,SE,,Europe/Stockholm,59.33,18.07,1515017
ciudadjuarez,Ciudad Juárez,MX,,America/Ciudad_Juarez,31.72,-106.46,1512450
cantho,Cần Thơ,VN,,Asia/Ho_Chi_Minh,10.04,105.79,1507187
munich,Munich,DE,,Europe/Berlin,48.14,11.58,1505005
khulna,Khulna,BD,,Asia/Dhaka,22.81,89.56,1500689
belem,Belém,BR,,America/Belem,-1.46,-48.5,1499641
yekaterinburg,Yekaterinburg,RU,,Asia/Yekaterinburg,56.86,60.62,1495066
portoalegre,Porto Alegre,BR,,America/Sao_Paulo,-30.03,-51.23,1488252
yinchuan,Yinchuan,CN,,Asia/Shanghai,38.47,106.27,1487579
manhattan,Manhattan,US,,America/New_York,40.78,-73.97,1487536
nashik,Nashik,IN,,Asia/Kolkata,20,73.79,1486053
taizhou_cn_02,Taizhou,CN,02,Asia/Shanghai,28.66,121.43,1485502
asuncion,Asunción,PY,,America/Asuncion,-25.29,-57.65,1482200
yiwu,Yiwu,CN,,Asia/Shanghai,29.32,120.08,1481384
zapopan,Zapopan,MX,,America/Mexico_City,20.72,-103.39,1476491
makassar,Makassar,ID,,Asia/Makassar,-5.15,119.43,1474393
adelaide,Adelaide,AU,,Australia/Adelaide,-34.93,138.6,1469163
quanzhou,Quanzhou,CN,,Asia/Shanghai,24.91,118.59,1469157
madurai,Madurai,IN,,Asia/Kolkata,9.92,78.12,1465625
jinhua,Jinhua,CN,,Asia/Shanghai,29.11,119.64,1463990
kyoto,Kyoto,JP,,Asia/Tokyo,35.02,135.75,1463723
cixi,Cixi,CN,,Asia/Shanghai,30.18,121.25,1457510
changde,Changde,CN,,Asia/Shanghai,29.03,111.7,1457419
kualalumpur,Kuala Lumpur,MY,,Asia/Kuala_Lumpur,3.14,101.69,1453975
kayseri,Kayseri,TR,,Europe/Istanbul,38.73,35.49,1452458
kaifeng,Kaifeng,CN,,Asia/Shanghai,34.8,114.31,1451741
anshan,Anshan,CN,,Asia/Shanghai,41.12,122.99,1450000
karaj,Karaj,IR,,Asia/Tehran,35.83,50.99,1448075
kathmandu,Kathmandu,NP,,Asia/Kathmandu,27.7,85.32,1442271
daejeon,Daejeon,KR,,Asia/Seoul,36.35,127.38,1441203
baoji,Baoji,CN,,Asia/Shanghai,34.37,107.24,1437802
suqian,Suqian,CN,,Asia/Shanghai,33.95,118.3,1437685
liuzhou,Liuzhou,CN,,Asia/Shanghai,24.32,109.41,1436599
tirunelveli,Tirunelveli,IN,,Asia/Kolkata,8.73,77.68,1435844
konya,Konya,TR,,Europe/Istanbul,37.87,32.48,1433861
zhangjiagang,Zhangjiagang,CN,,Asia/Shanghai,31.87,120.54,1432044
agra,Agra,IN,,Asia/Kolkata,27.18,78.02,1430055
tabriz,Tabriz,IR,,Asia/Tehran,38.08,46.29,1424641
kharkiv,Kharkiv,UA,,Europe/Kyiv,49.98,36.25,1421125
jinjiang,Jinjiang,CN,,Asia/Shanghai,24.82,118.57,1416151
faridabad,Faridabad,IN,,Asia/Kolkata,28.41,77.31,1414050
bozhou,Bozhou,CN,,Asia/Shanghai,33.88,115.77,1409436
qujing,Qujing,CN,,Asia/Shanghai,25.48,103.78,1408500
southtangerang,South Tangerang,ID,,Asia/Jakarta,-6.29,106.72,1404785
sandiego,San Diego,US,,America/Los_Angeles,32.72,-117.16,1404452
gwangju,Gwangju,KR,,Asia/Seoul,35.15,126.92,1401235
zhanjiang,Zhanjiang,CN,,Asia/Shanghai,21.23,110.39,1400709
fushun,Fushun,CN,,Asia/Shanghai,41.89,123.94,1400646
rajkot,Rājkot,IN,,Asia/Kolkata,22.29,70.79,1390640
luoyang,Luoyang,CN,09,Asia/Shanghai,34.67,112.44,1390581
guadalajara,Guadalajara,MX,,America/Mexico_City,20.68,-103.35,1385629
thebronx,The Bronx,US,,America/New_York,40.85,-73.87,1385108
guankou,Guankou,CN,,Asia/Shanghai,28.16,113.63,1380000
hue,Huế,VN,,Asia/Bangkok,16.46,107.6,1380000
milan,Milan,IT,,Europe/Rome,45.46,9.19,1371498
najafgarh,Najafgarh,IN,,Asia/Kolkata,28.61,76.98,1365000
ndjamena,N'Djamena,TD,,Africa/Ndjamena,12.11,15.04,1359526
handan,Handan,CN,,Asia/Shanghai,36.61,114.49,1358318
bannu,Bannu,PK,,Asia/Karachi,32.99,70.6,1357890
yichang,Yichang,CN,,Asia/Shanghai,30.71,111.28,1350150
antananarivo,Antananarivo,MG,,Indian/Antananarivo,-18.91,47.54,1349501
heze,Heze,CN,,Asia/Shanghai,35.24,115.47,1346717
abobo,Abobo,CI,,Africa/Abidjan,5.42,-4.02,1340083
jamshedpur,Jamshedpur,IN,,Asia/Kolkata,22.8,86.19,1339438
douala,Douala,CM,,Africa/Douala,4.05,9.7,1338082
antalya,Antalya,TR,,Europe/Istanbul,36.91,30.7,1335002
basrah,Basrah,IQ,,Asia/Baghdad,30.51,47.78,1326564
dallas,Dallas,US,,America/Chicago,32.78,-96.81,1326087
saitama,Saitama,JP,,Asia/Tokyo,35.91,139.66,1324854
gorakhpur,Gorakhpur,IN,10,Asia/Kolkata,29.45,75.67,1324570
niamey,Niamey,NE,,Africa/Niamey,13.51,2.11,1323691
liupanshui,Liupanshui,CN,,Asia/Shanghai,26.59,104.83,1320825
taguig,Taguig,PH,,Asia/Manila,14.52,121.08,1308085
maoming,Maoming,CN,,Asia/Shanghai,21.67,110.91,1307802
calgary,Calgary,CA,,America/Edmonton,51.05,-114.09,1306784
tripoli,Tripoli,LY,,Africa/Tripoli,32.89,13.19,1302947
callao,Callao,PE,,America/Lima,-12.05,-77.13,1300000
madinah,Madinah,SA,,Asia/Riyadh,24.47,39.61,1300000
yaounde,Yaoundé,CM,,Africa/Douala,3.87,11.52,1299369
qinzhou,Qinzhou,CN,,Asia/Shanghai,21.98,108.65,1296300
luohe,Luohe,CN,,Asia/Shanghai,33.57,114.03,1294974
xiangyang,Xiangyang,CN,,Asia/Shanghai,32.04,112.14,1294733
yangjiang,Yangjiang,CN,,Asia/Shanghai,21.86,111.96,1292987
yixing,Yixing,CN,,Asia/Shanghai,31.36,119.82,1285785
pimpri,Pimpri,IN,,Asia/Kolkata,18.62,73.81,1284606
danang,Da Nang,VN,,Asia/Ho_Chi_Minh,16.07,108.22,1276000
amman,Amman,JO,,Asia/Amman,31.96,35.95,1275857
budta,Budta,PH,,Asia/Manila,7.2,124.44,1273715
belgrade,Belgrade,RS,,Europe/Belgrade,44.8,20.47,1273651
bienhoa,Biên Hòa,VN,,Asia/Ho_Chi_Minh,10.94,106.82,1272235
qingpu,Qingpu,CN,,Asia/Shanghai,31.15,121.11,1271424
montevideo,Montevideo,UY,,America/Montevideo,-34.9,-56.19,1270737
xuchang,Xuchang,CN,,Asia/Shanghai,34.03,113.86,1265536
kalyan,Kalyān,IN,,Asia/Kolkata,19.24,73.14,1262255
zigong,Zigong,CN,,Asia/Shanghai,29.34,104.78,1262064
nizhniynovgorod,Nizhniy Novgorod,RU,,Europe/Moscow,56.33,44,1259013
jepara,Jepara,ID,,Asia/Jakarta,-6.59,110.67,1257912
maputo,Maputo,MZ,,Africa/Maputo,-25.97,32.58,1254837
xuzhou,Xuzhou,CN,,Asia/Shanghai,34.2,117.28,1253991
dammam,Dammam,SA,,Asia/Riyadh,26.43,50.1,1252523
rasbayrut,Ra’s Bayrūt,LB,,Asia/Beirut,33.9,35.48,1251739
neijiang,Neijiang,CN,,Asia/Shanghai,29.58,105.06,1251095
shiraz,Shiraz,IR,,Asia/Tehran,29.61,52.53,1249942
heshan,Heshan,CN,,Asia/Shanghai,28.57,112.35,1249807
dombivali,Dombivali,IN,,Asia/Kolkata,19.22,73.08,1247327
kananga,Kananga,CD,,Africa/Lubumbashi,-5.9,22.42,1247168
kazan,Kazan,RU,,Europe/Moscow,55.79,49.12,1243500
jining,Jining,CN,25,Asia/Shanghai,35.41,116.58,1241012
barquisimeto,Barquisimeto,VE,,America/Caracas,10.06,-69.36,1240714
shubraalkhaymah,Shubrā al Khaymah,EG,,Africa/Cairo,30.13,31.25,1240289
putuo,Putuo,CN,,Asia/Shanghai,31.25,121.39,1239100
portauprince,Port-au-Prince,HT,,America/Port-au-Prince,18.54,-72.34,1234742
suwon,Suwon,KR,,Asia/Seoul,37.29,127.01,1234582
xinyang,Xinyang,CN,,Asia/Shanghai,32.12,114.07,1230042
liaocheng,Liaocheng,CN,,Asia/Shanghai,36.45,116,1229768
jinzhong,Jinzhong,CN,,Asia/Shanghai,37.68,112.75,1226617
meerut,Meerut,IN,,Asia/Kolkata,28.98,77.71,1223184
virar,Virār,IN,,Asia/Kolkata,19.46,72.81,1222390
nowrangapur,Nowrangapur,IN,,Asia/Kolkata,19.23,82.55,1220946
karbala,Karbala,IQ,,Asia/Baghdad,32.62,44.02,1218732
changzhi,Changzhi,CN,24,Asia/Shanghai,36.18,113.11,1214940
tianshui,Tianshui,CN,,Asia/Shanghai,34.58,105.74,1212791
sadrcity,Sadr City,IQ,,Asia/Baghdad,33.39,44.46,1211849
yangpu,Yangpu,CN,,Asia/Shanghai,31.26,121.52,1210800
mombasa,Mombasa,KE,,Africa/Nairobi,-4.05,39.66,1208333
mandalay,Mandalay,MM,,Asia/Yangon,21.97,96.08,1208099
srinagar,Srinagar,IN,,Asia/Kolkata,34.09,74.81,1206419
barranquilla,Barranquilla,CO,,America/Bogota,10.97,-74.78,1206319
chelyabinsk,Chelyabinsk,RU,,Asia/Yekaterinburg,55.16,61.43,1202371
merida,Mérida,MX,,America/Merida,20.97,-89.62,1201000
hiroshima,Hiroshima,JP,,Asia/Tokyo,34.4,132.45,1200754
santiagodeloscaballeros,Santiago de los Caballeros,DO,,America/Santo_Domingo,19.45,-70.69,1200000
shymkent,Shymkent,KZ,,Asia/Almaty,42.31,69.6,1200000
weinan,Weinan,CN,,Asia/Shanghai,34.5,109.51,1199290
ghaziabad,Ghāziābād,IN,,Asia/Kolkata,28.67,77.44,1199191
matola,Matola,MZ,,Africa/Maputo,-25.96,32.46,1198988
dhanbad,Dhanbad,IN,,Asia/Kolkata,23.8,86.43,1196214
hongkongisland,Hong Kong Island,HK,,Asia/Hong_Kong,22.26,114.18,1195529
fes,Fes,MA,,Africa/Casablanca,34.03,-5,1191905
gustavoadolfomadero,Gustavo Adolfo Madero,MX,,America/Mexico_City,19.49,-99.11,1185772
nouakchott,Nouakchott,MR,,Africa/Nouakchott,18.09,-15.98,1184530
kisangani,Kisangani,CD,,Africa/Lubumbashi,0.52,25.19,1181788
jiaxing,Jiaxing,CN,,Asia/Shanghai,30.75,120.75,1180000
aurangabad,Aurangabad,IN,16,Asia/Kolkata,19.88,75.34,1175116
zhongwei,Zhongwei,CN,,Asia/Shanghai,37.51,105.19,1174600
omsk,Omsk,RU,,Asia/Omsk,54.99,73.37,1172070
guarulhos,Guarulhos,BR,,America/Sao_Paulo,-23.46,-46.53,1169577
pekanbaru,Pekanbaru,ID,,Asia/Jakarta,0.52,101.44,1167599
panjin,Panjin,CN,,Asia/Shanghai,41.12,122.07,1166481
bandarlampung,Bandar Lampung,ID,,Asia/Jakarta,-5.43,105.26,1166066
prague,Prague,CZ,,Europe/Prague,50.09,14.42,1165581
varanasi,Varanasi,IN,,Asia/Kolkata,25.32,83.01,1164404
batam,Batam,ID,,Asia/Jakarta,1.15,104.02,1164352
jiujiang,Jiujiang,CN,,Asia/Shanghai,29.7,116,1164268
samara,Samara,RU,,Europe/Samara,53.21,50.14,1163399
aba,Aba,NG,,Africa/Lagos,5.11,7.37,1160000
amritsar,Amritsar,IN,,Asia/Kolkata,31.62,74.88,1159227
birmingham,Birmingham,GB,,Europe/London,52.48,-1.9,1157603
copenhagen,Copenhagen,DK,,Europe/Copenhagen,55.68,12.57,1153615
sofia,Sofia,BG,,Europe/Sofia,42.7,23.32,1152556
anyang,Anyang,CN,,Asia/Shanghai,36.1,114.38,1146839
yerevan,Yerevan,AM,,Asia/Yerevan,40.18,44.51,1144700
luohudistrict,Luohu District,CN,,Asia/Shanghai,22.55,114.13,1143801
vijayawada,Vijayawada,IN,,Asia/Kolkata,16.51,80.65,1143232
fengxiang,Fengxiang,CN,,Asia/Shanghai,30.86,121.47,1140872
bijie,Bijie,CN,,Asia/Shanghai,27.3,105.29,1137383
monterrey,Monterrey,MX,,America/Monterrey,25.68,-100.32,1135512
kigali,Kigali,RW,,Africa/Kigali,-1.95,30.06,1132686
rostovondon,Rostov-on-Don,RU,,Europe/Moscow,47.22,39.71,1130305
zhuzhou,Zhuzhou,CN,,Asia/Shanghai,27.83,113.15,1129687
bogor,Bogor,ID,,Asia/Jakarta,-6.59,106.79,1127408
malingao,Malingao,PH,,Asia/Manila,7.16,124.48,1121974
touba,Touba,SN,,Africa/Dakar,14.86,-15.88,1120824
ufa,Ufa,RU,,Asia/Yekaterinburg,54.74,55.97,1120547
ranchi,Ranchi,IN,,Asia/Kolkata,23.34,85.31,1120374
shangrao,Shangrao,CN,,Asia/Shanghai,28.45,117.94,1116486
lilongwe,Lilongwe,MW,,Africa/Blantyre,-13.97,33.79,1115815
huaibei,Huaibei,CN,,Asia/Shanghai,33.97,116.79,1113321
maiduguri,Maiduguri,NG,,Africa/Lagos,11.85,13.16,1110000
xuhui,Xuhui,CN,,Asia/Shanghai,31.2,121.45,1109800
meishan,Meishan,CN,,Asia/Shanghai,30.04,103.84,1107742
mwanza,Mwanza,TZ,,Africa/Dar_es_Salaam,-2.52,32.9,1104521
ulsan,Ulsan,KR,,Asia/Seoul,35.54,129.32,1098421
sendai,Sendai,JP,,Asia/Tokyo,38.27,140.87,1096704
krasnoyarsk,Krasnoyarsk,RU,,Asia/Krasnoyarsk,56.04,92.93,1090811
fuzhou_cn_03,Fuzhou,CN,03,Asia/Shanghai,27.96,116.33,1089888
guigang,Guigang,CN,,Asia/Shanghai,23.12,109.59,1086327
oslo,Oslo,NO,,Europe/Oslo,59.91,10.75,1082575
jabalpur,Jabalpur,IN,,Asia/Kolkata,23.17,79.95,1081677
ilorin,Ilorin,NG,,Africa/Lagos,8.5,4.54,1080000
aden,Aden,YE,,Asia/Aden,12.78,45.04,1079670
ciudadnezahualcoyotl,Ciudad Nezahualcoyotl,MX,,America/Mexico_City,19.4,-99.01,1077208
hengyang,Hengyang,CN,,Asia/Shanghai,26.89,112.62,1075516
prayagraj,Prayagraj,IN,,Asia/Kolkata,25.44,81.84,1073438
visakhapatnam,Visakhapatnam,IN,,Asia/Kolkata,17.68,83.2,1063178
goyangsi,Goyang-si,KR,,Asia/Seoul,37.66,126.84,1061752
yulin,Yulin,CN,,Asia/Shanghai,22.63,110.15,1056743
jodhpur,Jodhpur,IN,,Asia/Kolkata,26.27,73.01,1056191
gwalior,Gwalior,IN,,Asia/Kolkata,26.23,78.17,1054420
jingzhou,Jingzhou,CN,,Asia/Shanghai,30.35,112.19,1052282
gqeberha,Gqeberha,ZA,,Africa/Johannesburg,-33.96,25.61,1050078
tbilisi,Tbilisi,GE,,Asia/Tbilisi,41.69,44.83,1049498
voronezh,Voronezh,RU,,Europe/Moscow,51.67,39.19,1047549
xinxiang,Xinxiang,CN,,Asia/Shanghai,35.19,113.8,1047088
yichun,Yichun,CN,03,Asia/Shanghai,27.83,114.4,1045952
sokoto,Sokoto,NG,,Africa/Lagos,13.06,5.24,1040000
jos,Jos,NG,,Africa/Lagos,9.93,8.89,1040000
tangier,Tangier,MA,,Africa/Casablanca,35.77,-5.8,1035141
teni,Teni,IN,,Asia/Kolkata,10.01,77.48,1034724
xianyang,Xianyang,CN,,Asia/Shanghai,34.34,108.7,1034081
mexicali,Mexicali,MX,,America/Tijuana,32.63,-115.45,1032686
pointenoire,Pointe-Noire,CG,,Africa/Brazzaville,-4.78,11.86,1032000
maceio,Maceió,BR,,America/Maceio,-9.67,-35.74,1031597
campinas,Campinas,BR,,America/Sao_Paulo,-22.91,-47.06,1031554
sanya,Sanya,CN,,Asia/Shanghai,18.25,109.51,1031396
rangpur,Rangpur,BD,,Asia/Dhaka,25.75,89.25,1031388
kirkuk,Kirkuk,IQ,,Asia/Baghdad,35.47,44.39,1031000
ashgabat,Ashgabat,TM,,Asia/Ashgabat,37.95,58.38,1030063
comilla,Comilla,BD,,Asia/Dhaka,23.46,91.19,1030000
shaoguan,Shaoguan,CN,,Asia/Shanghai,24.8,113.58,1028460
howrah,Howrah,IN,,Asia/Kolkata,22.58,88.32,1027672
raipur,Raipur,IN,,Asia/Kolkata,21.23,81.63,1027264
changwon,Changwon,KR,,Asia/Seoul,35.23,128.68,1025702
longyan,Longyan,CN,,Asia/Shanghai,25.07,117.02,1025087
koeln,Köln,DE,,Europe/Berlin,50.93,6.95,1024621
dublin,Dublin,IE,,Europe/Dublin,53.33,-6.25,1024027
tiruchirappalli,Tiruchirappalli,IN,,Asia/Kolkata,10.82,78.7,1022518
yongzhou,Yongzhou,CN,,Asia/Shanghai,26.42,111.61,1020715
brussels,Brussels,BE,,Europe/Brussels,50.85,4.35,1019022
zamboanga,Zamboanga,PH,,Asia/Manila,6.91,122.07,1018849
ottawa,Ottawa,CA,,America/Toronto,45.41,-75.7,1017449
huzhou,Huzhou,CN,,Asia/Shanghai,30.87,120.09,1015937
volgograd,Volgograd,RU,,Europe/Volgograd,48.71,44.5,1013533
khartoumnorth,Khartoum North,SD,,Africa/Khartoum,15.65,32.53,1012211
edmonton,Edmonton,CA,,America/Edmonton,53.55,-113.47,1010899
odesa,Odesa,UA,,Europe/Kyiv,46.49,30.74,1010537
wuwei,Wuwei,CN,,Asia/Shanghai,37.93,102.63,1010295
jacksonville,Jacksonville,US,,America/New_York,30.33,-81.66,1009833
arequipa,Arequipa,PE,,America/Lima,-16.4,-71.54,1008290
fortworth,Fort Worth,US,,America/Chicago,32.73,-97.32,1008106
hanzhong,Hanzhong,CN,,Asia/Shanghai,33.08,107.02,1006557
hezhou,Hezhou,CN,,Asia/Shanghai,24.4,111.57,1005490
pest,Pest,HU,,Europe/Budapest,47.5,19.08,1001748
kota,Kota,IN,,Asia/Kolkata,25.18,75.84,1001694
zhuchengcity,Zhu Cheng City,CN,,Asia/Shanghai,36,119.4,1000000
shivajinagar,Shivaji Nagar,IN,,Asia/Kolkata,18.53,73.85,1000000
